{
  "controller/View1-dbg.controller.js": 1716891282979,
  "controller/View1.controller.js": 1716891282979,
  "model/models.js": 1716890320675,
  "controller/App.controller.js": 1718690516006,
  "manifest.json": 1719210667157,
  "Component.js": 1716890320667,
  "model/models-dbg.js": 1716890320675,
  "model/models.js.map": 1719210667471,
  "i18n/i18n.properties": 1716890326927,
  "controller/View1.controller.js.map": 1719210667466,
  "controller/App-dbg.controller.js": 1718690516006,
  "controller/App.controller.js.map": 1719210667559,
  "Component-dbg.js": 1716890320667,
  "Component.js.map": 1719210667471,
  "Component-preload.js": 1719210668006,
  "Component-preload.js.map": 1719210668006,
  "view/View1.view.xml": 1716894060739,
  "view/App.view.xml": 1718690544978,
  "css/style.css": 1716965634338,
  "index.html": 1716890320667
}