{
  "Component-preload.js.map": 1718970660529,
  "manifest.json": 1718970660100,
  "ext/controller/Listreport.controller.js": 1718883442557,
  "ext/controller/Objc.controller.js": 1718949734967,
  "Component.js": 1718858017706,
  "ext/controller/Listreport-dbg.controller.js": 1718883442557,
  "ext/controller/Listreport.controller.js.map": 1718970660298,
  "ext/controller/Objc-dbg.controller.js": 1718949734967,
  "ext/controller/Objc.controller.js.map": 1718970660297,
  "Component-dbg.js": 1718858017706,
  "Component.js.map": 1718970660291,
  "Component-preload.js": 1718970660529,
  "i18n/i18n.properties": 1718858024210,
  "ext/fragment/DocAttach.fragment.xml": 1718947963214,
  "index.html": 1718858017706
}