{
  "Component-preload.js": 1719210775769,
  "Component.js": 1718858017706,
  "ext/controller/Listreport.controller.js": 1718883442557,
  "manifest.json": 1719210775025,
  "ext/controller/Objc.controller.js": 1718949734967,
  "ext/controller/Objc-dbg.controller.js": 1718949734967,
  "ext/controller/Objc.controller.js.map": 1719210775427,
  "ext/controller/Listreport-dbg.controller.js": 1718883442557,
  "ext/controller/Listreport.controller.js.map": 1719210775430,
  "Component-dbg.js": 1718858017706,
  "Component.js.map": 1719210775423,
  "i18n/i18n.properties": 1718858024210,
  "Component-preload.js.map": 1719210775769,
  "ext/fragment/DocAttach.fragment.xml": 1718947963214,
  "index.html": 1718858017706
}