{
  "ext/controller/ObjectC.controller.js.map": 1718970647502,
  "ext/fragment/ReadinessDoc.js": 1718344663341,
  "ext/fragment/DocExchange.js": 1718880929351,
  "ext/fragment/CompletionDoc.js": 1718345564872,
  "ext/controller/ObjectC.controller.js": 1718621294964,
  "ext/controller/ListReportC.controller.js": 1718100375262,
  "manifest.json": 1718970647294,
  "Component.js": 1716557648674,
  "Component-dbg.js": 1716557648674,
  "Component.js.map": 1718970647485,
  "ext/fragment/DocExchange-dbg.js": 1718880929351,
  "ext/fragment/DocExchange.js.map": 1718970647531,
  "ext/fragment/CompletionDoc-dbg.js": 1718345564872,
  "ext/fragment/CompletionDoc.js.map": 1718970647519,
  "ext/controller/ObjectC-dbg.controller.js": 1718621294964,
  "i18n/i18n.properties": 1716810372495,
  "ext/controller/ListReportC-dbg.controller.js": 1718100375262,
  "ext/controller/ListReportC.controller.js.map": 1718970647498,
  "ext/fragment/ReadinessDoc-dbg.js": 1718344663341,
  "ext/fragment/ReadinessDoc.js.map": 1718970647527,
  "Component-preload.js": 1718970647827,
  "Component-preload.js.map": 1718970647827,
  "ext/fragment/ReadinessDoc.fragment.xml": 1718690588029,
  "ext/fragment/DocExchange.fragment.xml": 1718690581065,
  "ext/fragment/CompletionDoc.fragment.xml": 1718690574325,
  "css/style.css": 1718345608612,
  "index.html": 1716557648678
}