{
  "Component-dbg.js": 1716557648674,
  "ext/fragment/CompletionDoc.js": 1716564101139,
  "ext/fragment/DocExchange.js": 1716564139118,
  "ext/fragment/ReadinessDoc.js": 1716564537505,
  "ext/controller/ObjectC.controller.js": 1716562802828,
  "manifest.json": 1716565197213,
  "Component.js": 1716557648674,
  "ext/controller/ObjectC-dbg.controller.js": 1716562802828,
  "ext/controller/ObjectC.controller.js.map": 1716565197436,
  "ext/fragment/DocExchange-dbg.js": 1716564139118,
  "ext/fragment/DocExchange.js.map": 1716565197433,
  "ext/fragment/ReadinessDoc-dbg.js": 1716564537505,
  "ext/fragment/ReadinessDoc.js.map": 1716565197457,
  "ext/fragment/CompletionDoc-dbg.js": 1716564101139,
  "ext/fragment/CompletionDoc.js.map": 1716565197429,
  "i18n/i18n.properties": 1716557648686,
  "Component.js.map": 1716565197435,
  "Component-preload.js": 1716565197715,
  "Component-preload.js.map": 1716565197715,
  "ext/fragment/ReadinessDoc.fragment.xml": 1716564453519,
  "ext/fragment/DocExchange.fragment.xml": 1716564139118,
  "ext/fragment/CompletionDoc.fragment.xml": 1716564101139,
  "index.html": 1716557648678
}