{
  "ext/fragment/DocExchange-dbg.js": 1716888921729,
  "ext/controller/ObjectC.controller.js": 1716572976268,
  "ext/fragment/DocExchange.js": 1716888921729,
  "ext/fragment/CompletionDoc.js": 1716658567037,
  "ext/fragment/ReadinessDoc.js": 1716658227299,
  "ext/controller/ListReportC.controller.js": 1716871784340,
  "manifest.json": 1716981178226,
  "Component.js": 1716557648674,
  "i18n/i18n.properties": 1716810372495,
  "ext/fragment/DocExchange.js.map": 1716981178482,
  "ext/controller/ObjectC-dbg.controller.js": 1716572976268,
  "ext/controller/ObjectC.controller.js.map": 1716981178438,
  "ext/fragment/CompletionDoc-dbg.js": 1716658567037,
  "ext/fragment/CompletionDoc.js.map": 1716981178482,
  "ext/fragment/ReadinessDoc-dbg.js": 1716658227299,
  "ext/fragment/ReadinessDoc.js.map": 1716981178473,
  "ext/controller/ListReportC-dbg.controller.js": 1716871784340,
  "ext/controller/ListReportC.controller.js.map": 1716981178456,
  "Component-dbg.js": 1716557648674,
  "Component.js.map": 1716981178458,
  "Component-preload.js": 1716981178743,
  "Component-preload.js.map": 1716981178743,
  "ext/fragment/ReadinessDoc.fragment.xml": 1716573483708,
  "ext/fragment/DocExchange.fragment.xml": 1716661022330,
  "ext/fragment/CompletionDoc.fragment.xml": 1716654765900,
  "index.html": 1716557648678
}