{
  "index.html": 1718018493427,
  "ext/fragment/DocExchange1.js": 1718029320884,
  "ext/fragment/Readiness.js": 1718029186611,
  "ext/fragment/CompletionD.js": 1718029536737,
  "ext/fragment/Attachments.js": 1718624987091,
  "ext/controller/Objectpage.controller.js": 1718626385096,
  "ext/controller/Listreport.controller.js": 1718165723721,
  "manifest.json": 1718970655800,
  "Component.js": 1718018493427,
  "ext/controller/Objectpage-dbg.controller.js": 1718626385096,
  "ext/controller/Objectpage.controller.js.map": 1718970656011,
  "ext/fragment/Readiness-dbg.js": 1718029186611,
  "ext/fragment/Readiness.js.map": 1718970656021,
  "ext/fragment/CompletionD-dbg.js": 1718029536737,
  "ext/fragment/CompletionD.js.map": 1718970656028,
  "ext/fragment/Attachments-dbg.js": 1718624987091,
  "ext/fragment/Attachments.js.map": 1718970656023,
  "ext/fragment/DocExchange1-dbg.js": 1718029320884,
  "ext/fragment/DocExchange1.js.map": 1718970656089,
  "ext/controller/Listreport-dbg.controller.js": 1718165723721,
  "ext/controller/Listreport.controller.js.map": 1718970656024,
  "Component-dbg.js": 1718018493427,
  "Component.js.map": 1718970656025,
  "Component-preload.js": 1718970656335,
  "Component-preload.js.map": 1718970656335,
  "ext/fragment/Readiness.fragment.xml": 1718690780791,
  "ext/fragment/PartnerInformation.fragment.xml": 1718105178762,
  "ext/fragment/InvoiceListItems.fragment.xml": 1718105789167,
  "ext/fragment/DocExchange1.fragment.xml": 1718690773859,
  "ext/fragment/CompletionD.fragment.xml": 1718690769867,
  "ext/fragment/Attachments.fragment.xml": 1718862681926,
  "i18n/i18n.properties": 1718018499967
}